file_name,millis
frames/mark/1.png,1544430957410
frames/mark/2.png,1544430957427
frames/mark/3.png,1544430957445
frames/mark/4.png,1544430957463
frames/mark/5.png,1544430957480
frames/mark/6.png,1544430957499
frames/mark/7.png,1544430957516
frames/mark/8.png,1544430957534
frames/mark/9.png,1544430957551
frames/mark/10.png,1544430957569
frames/mark/11.png,1544430957586
frames/mark/12.png,1544430957604
frames/mark/13.png,1544430957621
frames/mark/14.png,1544430957639
frames/mark/15.png,1544430957659
frames/mark/16.png,1544430957680
frames/mark/17.png,1544430957703
frames/mark/18.png,1544430957723
frames/mark/19.png,1544430957745
frames/mark/20.png,1544430957766
frames/mark/21.png,1544430957798
frames/mark/22.png,1544430957833
frames/mark/23.png,1544430957857
frames/mark/24.png,1544430957892
frames/mark/25.png,1544430957917
frames/mark/26.png,1544430957946
frames/mark/27.png,1544430957980
frames/mark/28.png,1544430958231
frames/mark/29.png,1544430958257
frames/mark/30.png,1544430958284
frames/mark/31.png,1544430958305
frames/mark/32.png,1544430958328
frames/mark/33.png,1544430958346
frames/mark/34.png,1544430958365
frames/mark/35.png,1544430958385
frames/mark/36.png,1544430958403
frames/mark/37.png,1544430958429
frames/mark/38.png,1544430958447
frames/mark/39.png,1544430958467
frames/mark/40.png,1544430958487
frames/mark/41.png,1544430958510
frames/mark/42.png,1544430958537
frames/mark/43.png,1544430958563
frames/mark/44.png,1544430958584
frames/mark/45.png,1544430958611
frames/mark/46.png,1544430958633
frames/mark/47.png,1544430958655
frames/mark/48.png,1544430958675
frames/mark/49.png,1544430958697
frames/mark/50.png,1544430958716
frames/mark/51.png,1544430958738
frames/mark/52.png,1544430958757
frames/mark/53.png,1544430958778
frames/mark/54.png,1544430958798
frames/mark/55.png,1544430958816
frames/mark/56.png,1544430958836
frames/mark/57.png,1544430958854
frames/mark/58.png,1544430958873
frames/mark/59.png,1544430958894
frames/mark/60.png,1544430958912
frames/mark/61.png,1544430958932
frames/mark/62.png,1544430958951
frames/mark/63.png,1544430958972
frames/mark/64.png,1544430958990
frames/mark/65.png,1544430959019
frames/mark/66.png,1544430959232
frames/mark/67.png,1544430959290
frames/mark/68.png,1544430959348
frames/mark/69.png,1544430959370
frames/mark/70.png,1544430959390
frames/mark/71.png,1544430959624
frames/mark/72.png,1544430959658
frames/mark/73.png,1544430959767
frames/mark/74.png,1544430959806
frames/mark/75.png,1544430959837
frames/mark/76.png,1544430959861
frames/mark/77.png,1544430959885
frames/mark/78.png,1544430959907
frames/mark/79.png,1544430959930
frames/mark/80.png,1544430959950
frames/mark/81.png,1544430959970
frames/mark/82.png,1544430959988
frames/mark/83.png,1544430960008
frames/mark/84.png,1544430960028
frames/mark/85.png,1544430960047
frames/mark/86.png,1544430960066
frames/mark/87.png,1544430960085
frames/mark/88.png,1544430960104
frames/mark/89.png,1544430960123
frames/mark/90.png,1544430960146
frames/mark/91.png,1544430960166
frames/mark/92.png,1544430960185
frames/mark/93.png,1544430960206
frames/mark/94.png,1544430960249
frames/mark/95.png,1544430960282
frames/mark/96.png,1544430960302
frames/mark/97.png,1544430960321
frames/mark/98.png,1544430960342
frames/mark/99.png,1544430960363
frames/mark/100.png,1544430960382
frames/mark/101.png,1544430960405
frames/mark/102.png,1544430960425
frames/mark/103.png,1544430960450
frames/mark/104.png,1544430960470
frames/mark/105.png,1544430960490
frames/mark/106.png,1544430960510
frames/mark/107.png,1544430960531
frames/mark/108.png,1544430960550
frames/mark/109.png,1544430960569
frames/mark/110.png,1544430960588
frames/mark/111.png,1544430960609
frames/mark/112.png,1544430960631
frames/mark/113.png,1544430960650
frames/mark/114.png,1544430960670
frames/mark/115.png,1544430960690
frames/mark/116.png,1544430960716
frames/mark/117.png,1544430960740
frames/mark/118.png,1544430960766
frames/mark/119.png,1544430960788
frames/mark/120.png,1544430960815
frames/mark/121.png,1544430960836
frames/mark/122.png,1544430960855
frames/mark/123.png,1544430960874
frames/mark/124.png,1544430960903
frames/mark/125.png,1544430960937
frames/mark/126.png,1544430961017
frames/mark/127.png,1544430961066
frames/mark/128.png,1544430961090
frames/mark/129.png,1544430961123
frames/mark/130.png,1544430961149
frames/mark/131.png,1544430961175
frames/mark/132.png,1544430961197
frames/mark/133.png,1544430961216
frames/mark/134.png,1544430961237
frames/mark/135.png,1544430961255
frames/mark/136.png,1544430961275
frames/mark/137.png,1544430961297
frames/mark/138.png,1544430961317
frames/mark/139.png,1544430961338
frames/mark/140.png,1544430961361
frames/mark/141.png,1544430961381
frames/mark/142.png,1544430961402
frames/mark/143.png,1544430961421
frames/mark/144.png,1544430961442
frames/mark/145.png,1544430961471
frames/mark/146.png,1544430961490
frames/mark/147.png,1544430961509
frames/mark/148.png,1544430961531
frames/mark/149.png,1544430961550
frames/mark/150.png,1544430961570
frames/mark/151.png,1544430961588
frames/mark/152.png,1544430961607
frames/mark/153.png,1544430961628
frames/mark/154.png,1544430961648
frames/mark/155.png,1544430961669
frames/mark/156.png,1544430961687
frames/mark/157.png,1544430961707
frames/mark/158.png,1544430961727
frames/mark/159.png,1544430961747
frames/mark/160.png,1544430961766
frames/mark/161.png,1544430961785
frames/mark/162.png,1544430961806
frames/mark/163.png,1544430961825
frames/mark/164.png,1544430961845
frames/mark/165.png,1544430961865
frames/mark/166.png,1544430961885
frames/mark/167.png,1544430961904
frames/mark/168.png,1544430961922
frames/mark/169.png,1544430961942
frames/mark/170.png,1544430961970
frames/mark/171.png,1544430962004
frames/mark/172.png,1544430962023
frames/mark/173.png,1544430962044
frames/mark/174.png,1544430962065
frames/mark/175.png,1544430962086
frames/mark/176.png,1544430962107
frames/mark/177.png,1544430962126
frames/mark/178.png,1544430962147
frames/mark/179.png,1544430962168
frames/mark/180.png,1544430962187
frames/mark/181.png,1544430962205
frames/mark/182.png,1544430962224
frames/mark/183.png,1544430962243
frames/mark/184.png,1544430962263
frames/mark/185.png,1544430962283
frames/mark/186.png,1544430962302
frames/mark/187.png,1544430962321
frames/mark/188.png,1544430962341
frames/mark/189.png,1544430962361
frames/mark/190.png,1544430962385
frames/mark/191.png,1544430962404
frames/mark/192.png,1544430962422
frames/mark/193.png,1544430962442
frames/mark/194.png,1544430962461
frames/mark/195.png,1544430962483
frames/mark/196.png,1544430962503
frames/mark/197.png,1544430962521
frames/mark/198.png,1544430962540
frames/mark/199.png,1544430962558
frames/mark/200.png,1544430962577
frames/mark/201.png,1544430962596
frames/mark/202.png,1544430962614
frames/mark/203.png,1544430962633
frames/mark/204.png,1544430962652
frames/mark/205.png,1544430962672
frames/mark/206.png,1544430962690
frames/mark/207.png,1544430962711
frames/mark/208.png,1544430962732
frames/mark/209.png,1544430962753
frames/mark/210.png,1544430962774
frames/mark/211.png,1544430962794
frames/mark/212.png,1544430962816
frames/mark/213.png,1544430962834
frames/mark/214.png,1544430962853
frames/mark/215.png,1544430962872
frames/mark/216.png,1544430962898
frames/mark/217.png,1544430962920
frames/mark/218.png,1544430962959
frames/mark/219.png,1544430962986
frames/mark/220.png,1544430963015
frames/mark/221.png,1544430963039
frames/mark/222.png,1544430963064
frames/mark/223.png,1544430963093
frames/mark/224.png,1544430963114
frames/mark/225.png,1544430963138
frames/mark/226.png,1544430963160
frames/mark/227.png,1544430963183
frames/mark/228.png,1544430963208
frames/mark/229.png,1544430963232
frames/mark/230.png,1544430963255
frames/mark/231.png,1544430963292
frames/mark/232.png,1544430963331
frames/mark/233.png,1544430963353
frames/mark/234.png,1544430963374
frames/mark/235.png,1544430963398
frames/mark/236.png,1544430963418
frames/mark/237.png,1544430963442
frames/mark/238.png,1544430963473
frames/mark/239.png,1544430963515
frames/mark/240.png,1544430963542
frames/mark/241.png,1544430963572
frames/mark/242.png,1544430963637
frames/mark/243.png,1544430963685
frames/mark/244.png,1544430963712
frames/mark/245.png,1544430963746
frames/mark/246.png,1544430963775
frames/mark/247.png,1544430963805
frames/mark/248.png,1544430963831
frames/mark/249.png,1544430963851
frames/mark/250.png,1544430963874
frames/mark/251.png,1544430963896
frames/mark/252.png,1544430963916
frames/mark/253.png,1544430963938
frames/mark/254.png,1544430963963
frames/mark/255.png,1544430963983
frames/mark/256.png,1544430964007
frames/mark/257.png,1544430964050
frames/mark/258.png,1544430964076
frames/mark/259.png,1544430964096
frames/mark/260.png,1544430964115
frames/mark/261.png,1544430964139
frames/mark/262.png,1544430964159
frames/mark/263.png,1544430964180
frames/mark/264.png,1544430964199
frames/mark/265.png,1544430964219
frames/mark/266.png,1544430964241
frames/mark/267.png,1544430964264
frames/mark/268.png,1544430964286
frames/mark/269.png,1544430964306
frames/mark/270.png,1544430964324
frames/mark/271.png,1544430964350
frames/mark/272.png,1544430964372
frames/mark/273.png,1544430964404
frames/mark/274.png,1544430964434
frames/mark/275.png,1544430964456
frames/mark/276.png,1544430964476
frames/mark/277.png,1544430964497
frames/mark/278.png,1544430964519
frames/mark/279.png,1544430964539
frames/mark/280.png,1544430964558
frames/mark/281.png,1544430964577
frames/mark/282.png,1544430964597
frames/mark/283.png,1544430964615
frames/mark/284.png,1544430964636
frames/mark/285.png,1544430964657
frames/mark/286.png,1544430964676
frames/mark/287.png,1544430964699
frames/mark/288.png,1544430964717
frames/mark/289.png,1544430964738
frames/mark/290.png,1544430964757
frames/mark/291.png,1544430964779
frames/mark/292.png,1544430964801
frames/mark/293.png,1544430964820
frames/mark/294.png,1544430964841
frames/mark/295.png,1544430964865
frames/mark/296.png,1544430964886
frames/mark/297.png,1544430964908
frames/mark/298.png,1544430964926
frames/mark/299.png,1544430964950
frames/mark/300.png,1544430964969
frames/mark/301.png,1544430964989
frames/mark/302.png,1544430965009
frames/mark/303.png,1544430965029
frames/mark/304.png,1544430965051
frames/mark/305.png,1544430965070
frames/mark/306.png,1544430965091
frames/mark/307.png,1544430965110
frames/mark/308.png,1544430965132
frames/mark/309.png,1544430965151
frames/mark/310.png,1544430965171
frames/mark/311.png,1544430965197
frames/mark/312.png,1544430965223
frames/mark/313.png,1544430965254
frames/mark/314.png,1544430965276
frames/mark/315.png,1544430965296
frames/mark/316.png,1544430965318
frames/mark/317.png,1544430965369
frames/mark/318.png,1544430965391
frames/mark/319.png,1544430965415
frames/mark/320.png,1544430965441
frames/mark/321.png,1544430965472
frames/mark/322.png,1544430965493
frames/mark/323.png,1544430965514
frames/mark/324.png,1544430965537
frames/mark/325.png,1544430965556
frames/mark/326.png,1544430965576
frames/mark/327.png,1544430965598
frames/mark/328.png,1544430965616
frames/mark/329.png,1544430965635
frames/mark/330.png,1544430965654
frames/mark/331.png,1544430965673
frames/mark/332.png,1544430965691
frames/mark/333.png,1544430965709
frames/mark/334.png,1544430965729
frames/mark/335.png,1544430965748
frames/mark/336.png,1544430965766
frames/mark/337.png,1544430965785
frames/mark/338.png,1544430965803
frames/mark/339.png,1544430965823
frames/mark/340.png,1544430965842
frames/mark/341.png,1544430965865
frames/mark/342.png,1544430965894
frames/mark/343.png,1544430965923
frames/mark/344.png,1544430965958
frames/mark/345.png,1544430965994
frames/mark/346.png,1544430966022
frames/mark/347.png,1544430966047
frames/mark/348.png,1544430966072
frames/mark/349.png,1544430966102
frames/mark/350.png,1544430966122
frames/mark/351.png,1544430966143
frames/mark/352.png,1544430966167
frames/mark/353.png,1544430966190
frames/mark/354.png,1544430966215
frames/mark/355.png,1544430966237
frames/mark/356.png,1544430966259
frames/mark/357.png,1544430966280
frames/mark/358.png,1544430966307
frames/mark/359.png,1544430966334
frames/mark/360.png,1544430966355
frames/mark/361.png,1544430966376
frames/mark/362.png,1544430966396
frames/mark/363.png,1544430966416
frames/mark/364.png,1544430966440
frames/mark/365.png,1544430966461
frames/mark/366.png,1544430966483
frames/mark/367.png,1544430966505
frames/mark/368.png,1544430966531
frames/mark/369.png,1544430966560
frames/mark/370.png,1544430966588
frames/mark/371.png,1544430966610
frames/mark/372.png,1544430966631
frames/mark/373.png,1544430966651
frames/mark/374.png,1544430966670
frames/mark/375.png,1544430966690
frames/mark/376.png,1544430966708
frames/mark/377.png,1544430966727
frames/mark/378.png,1544430966748
frames/mark/379.png,1544430966767
frames/mark/380.png,1544430966787
frames/mark/381.png,1544430966806
frames/mark/382.png,1544430966825
frames/mark/383.png,1544430966848
frames/mark/384.png,1544430966871
frames/mark/385.png,1544430966891
frames/mark/386.png,1544430966910
frames/mark/387.png,1544430966932
frames/mark/388.png,1544430966951
frames/mark/389.png,1544430966972
frames/mark/390.png,1544430966992
frames/mark/391.png,1544430967017
frames/mark/392.png,1544430967038
frames/mark/393.png,1544430967058
frames/mark/394.png,1544430967083
frames/mark/395.png,1544430967107
frames/mark/396.png,1544430967131
frames/mark/397.png,1544430967157
frames/mark/398.png,1544430967179
frames/mark/399.png,1544430967203
frames/mark/400.png,1544430967224
frames/mark/401.png,1544430967245
frames/mark/402.png,1544430967272
frames/mark/403.png,1544430967324
frames/mark/404.png,1544430967344
frames/mark/405.png,1544430967364
frames/mark/406.png,1544430967384
frames/mark/407.png,1544430967404
frames/mark/408.png,1544430967423
frames/mark/409.png,1544430967442
frames/mark/410.png,1544430967461
frames/mark/411.png,1544430967484
frames/mark/412.png,1544430967504
frames/mark/413.png,1544430967523
frames/mark/414.png,1544430967544
frames/mark/415.png,1544430967568
frames/mark/416.png,1544430967587
frames/mark/417.png,1544430967608
frames/mark/418.png,1544430967626
frames/mark/419.png,1544430967645
frames/mark/420.png,1544430967669
frames/mark/421.png,1544430967690
frames/mark/422.png,1544430967715
frames/mark/423.png,1544430967736
frames/mark/424.png,1544430967758
frames/mark/425.png,1544430967788
frames/mark/426.png,1544430967818
frames/mark/427.png,1544430967842
frames/mark/428.png,1544430967867
frames/mark/429.png,1544430967893
frames/mark/430.png,1544430967926
frames/mark/431.png,1544430967959
frames/mark/432.png,1544430967985
frames/mark/433.png,1544430968009
frames/mark/434.png,1544430968029
frames/mark/435.png,1544430968061
frames/mark/436.png,1544430968086
frames/mark/437.png,1544430968107
frames/mark/438.png,1544430968133
frames/mark/439.png,1544430968160
frames/mark/440.png,1544430968188
frames/mark/441.png,1544430968223
frames/mark/442.png,1544430968269
frames/mark/443.png,1544430968333
frames/mark/444.png,1544430968354
frames/mark/445.png,1544430968376
frames/mark/446.png,1544430968400
frames/mark/447.png,1544430968419
frames/mark/448.png,1544430968444
frames/mark/449.png,1544430968466
frames/mark/450.png,1544430968485
frames/mark/451.png,1544430968506
frames/mark/452.png,1544430968556
frames/mark/453.png,1544430968577
frames/mark/454.png,1544430968600
frames/mark/455.png,1544430968619
frames/mark/456.png,1544430968639
frames/mark/457.png,1544430968657
frames/mark/458.png,1544430968677
frames/mark/459.png,1544430968700
frames/mark/460.png,1544430968720
frames/mark/461.png,1544430968742
frames/mark/462.png,1544430968762
frames/mark/463.png,1544430968786
frames/mark/464.png,1544430968809
frames/mark/465.png,1544430968829
frames/mark/466.png,1544430968849
frames/mark/467.png,1544430968868
frames/mark/468.png,1544430968888
frames/mark/469.png,1544430968908
frames/mark/470.png,1544430968926
frames/mark/471.png,1544430968946
frames/mark/472.png,1544430968968
frames/mark/473.png,1544430968986
frames/mark/474.png,1544430969008
frames/mark/475.png,1544430969026
frames/mark/476.png,1544430969046
frames/mark/477.png,1544430969068
frames/mark/478.png,1544430969089
frames/mark/479.png,1544430969110
frames/mark/480.png,1544430969132
frames/mark/481.png,1544430969153
frames/mark/482.png,1544430969174
frames/mark/483.png,1544430969196
frames/mark/484.png,1544430969219
frames/mark/485.png,1544430969238
frames/mark/486.png,1544430969257
frames/mark/487.png,1544430969277
frames/mark/488.png,1544430969297
frames/mark/489.png,1544430969319
frames/mark/490.png,1544430969341
frames/mark/491.png,1544430969367
frames/mark/492.png,1544430969397
frames/mark/493.png,1544430969426
frames/mark/494.png,1544430969448
frames/mark/495.png,1544430969472
frames/mark/496.png,1544430969491
frames/mark/497.png,1544430969511
frames/mark/498.png,1544430969531
frames/mark/499.png,1544430969550
frames/mark/500.png,1544430969570
frames/mark/501.png,1544430969589
frames/mark/502.png,1544430969607
frames/mark/503.png,1544430969625
frames/mark/504.png,1544430969643
frames/mark/505.png,1544430969661
frames/mark/506.png,1544430969683
frames/mark/507.png,1544430969702
frames/mark/508.png,1544430969718
frames/mark/509.png,1544430969738
frames/mark/510.png,1544430969757
frames/mark/511.png,1544430969778
frames/mark/512.png,1544430969796
frames/mark/513.png,1544430969820
frames/mark/514.png,1544430969839
frames/mark/515.png,1544430969859
frames/mark/516.png,1544430969883
frames/mark/517.png,1544430969904
frames/mark/518.png,1544430969926
frames/mark/519.png,1544430969953
frames/mark/520.png,1544430969974
frames/mark/521.png,1544430969993
frames/mark/522.png,1544430970013
frames/mark/523.png,1544430970034
frames/mark/524.png,1544430970052
frames/mark/525.png,1544430970071
frames/mark/526.png,1544430970088
frames/mark/527.png,1544430970106
frames/mark/528.png,1544430970123
frames/mark/529.png,1544430970141
frames/mark/530.png,1544430970159
frames/mark/531.png,1544430970177
frames/mark/532.png,1544430970195
frames/mark/533.png,1544430970212
frames/mark/534.png,1544430970231
frames/mark/535.png,1544430970250
frames/mark/536.png,1544430970269
frames/mark/537.png,1544430970345
frames/mark/538.png,1544430970377
frames/mark/539.png,1544430970409
frames/mark/540.png,1544430970442
frames/mark/541.png,1544430970478
frames/mark/542.png,1544430970509
frames/mark/543.png,1544430970549
frames/mark/544.png,1544430970573
frames/mark/545.png,1544430970592
frames/mark/546.png,1544430970615
frames/mark/547.png,1544430970641
frames/mark/548.png,1544430970665
frames/mark/549.png,1544430970693
frames/mark/550.png,1544430970713
frames/mark/551.png,1544430970735
frames/mark/552.png,1544430970755
frames/mark/553.png,1544430970777
frames/mark/554.png,1544430970795
frames/mark/555.png,1544430970818
frames/mark/556.png,1544430970838
frames/mark/557.png,1544430970857
frames/mark/558.png,1544430970884
frames/mark/559.png,1544430970903
frames/mark/560.png,1544430970923
frames/mark/561.png,1544430970945
frames/mark/562.png,1544430970969
frames/mark/563.png,1544430970987
frames/mark/564.png,1544430971007
frames/mark/565.png,1544430971025
frames/mark/566.png,1544430971046
frames/mark/567.png,1544430971068
frames/mark/568.png,1544430971088
frames/mark/569.png,1544430971109
frames/mark/570.png,1544430971127
frames/mark/571.png,1544430971148
frames/mark/572.png,1544430971169
frames/mark/573.png,1544430971189
frames/mark/574.png,1544430971210
frames/mark/575.png,1544430971230
frames/mark/576.png,1544430971254
frames/mark/577.png,1544430971275
frames/mark/578.png,1544430971296
frames/mark/579.png,1544430971316
frames/mark/580.png,1544430971341
frames/mark/581.png,1544430971362
frames/mark/582.png,1544430971388
frames/mark/583.png,1544430971410
frames/mark/584.png,1544430971436
frames/mark/585.png,1544430971460
frames/mark/586.png,1544430971482
frames/mark/587.png,1544430971503
frames/mark/588.png,1544430971522
frames/mark/589.png,1544430971540
frames/mark/590.png,1544430971558
frames/mark/591.png,1544430971578
frames/mark/592.png,1544430971600
frames/mark/593.png,1544430971619
frames/mark/594.png,1544430971641
frames/mark/595.png,1544430971660
frames/mark/596.png,1544430971680
frames/mark/597.png,1544430971703
frames/mark/598.png,1544430971724
frames/mark/599.png,1544430971751
frames/mark/600.png,1544430971772
frames/mark/601.png,1544430971795
frames/mark/602.png,1544430971820
frames/mark/603.png,1544430971843
frames/mark/604.png,1544430971863
frames/mark/605.png,1544430971888
frames/mark/606.png,1544430971912
frames/mark/607.png,1544430971937
frames/mark/608.png,1544430971961
frames/mark/609.png,1544430971992
frames/mark/610.png,1544430972017
frames/mark/611.png,1544430972038
frames/mark/612.png,1544430972058
frames/mark/613.png,1544430972080
frames/mark/614.png,1544430972102
frames/mark/615.png,1544430972121
frames/mark/616.png,1544430972141
frames/mark/617.png,1544430972159
frames/mark/618.png,1544430972212
frames/mark/619.png,1544430972239
frames/mark/620.png,1544430972258
frames/mark/621.png,1544430972280
frames/mark/622.png,1544430972300
frames/mark/623.png,1544430972319
frames/mark/624.png,1544430972340
frames/mark/625.png,1544430972359
frames/mark/626.png,1544430972384
frames/mark/627.png,1544430972408
frames/mark/628.png,1544430972428
frames/mark/629.png,1544430972452
frames/mark/630.png,1544430972472
frames/mark/631.png,1544430972495
frames/mark/632.png,1544430972514
frames/mark/633.png,1544430972538
frames/mark/634.png,1544430972557
frames/mark/635.png,1544430972580
frames/mark/636.png,1544430972603
frames/mark/637.png,1544430972627
frames/mark/638.png,1544430972651
frames/mark/639.png,1544430972676
frames/mark/640.png,1544430972697
frames/mark/641.png,1544430972720
frames/mark/642.png,1544430972742
frames/mark/643.png,1544430972763
frames/mark/644.png,1544430972784
frames/mark/645.png,1544430972805
frames/mark/646.png,1544430972825
frames/mark/647.png,1544430972845
frames/mark/648.png,1544430972869
frames/mark/649.png,1544430972890
frames/mark/650.png,1544430972910
frames/mark/651.png,1544430972936
frames/mark/652.png,1544430972955
frames/mark/653.png,1544430972974
frames/mark/654.png,1544430972996
frames/mark/655.png,1544430973027
frames/mark/656.png,1544430973057
frames/mark/657.png,1544430973095
frames/mark/658.png,1544430973123
frames/mark/659.png,1544430973147
frames/mark/660.png,1544430973172
frames/mark/661.png,1544430973196
frames/mark/662.png,1544430973227
frames/mark/663.png,1544430973294
frames/mark/664.png,1544430973324
frames/mark/665.png,1544430973356
frames/mark/666.png,1544430973380
frames/mark/667.png,1544430973410
frames/mark/668.png,1544430973437
frames/mark/669.png,1544430973459
frames/mark/670.png,1544430973486
frames/mark/671.png,1544430973508
frames/mark/672.png,1544430973531
frames/mark/673.png,1544430973558
frames/mark/674.png,1544430973579
frames/mark/675.png,1544430973605
frames/mark/676.png,1544430973626
frames/mark/677.png,1544430973648
frames/mark/678.png,1544430973671
frames/mark/679.png,1544430973693
frames/mark/680.png,1544430973713
frames/mark/681.png,1544430973731
frames/mark/682.png,1544430973756
frames/mark/683.png,1544430973777
frames/mark/684.png,1544430973797
frames/mark/685.png,1544430973820
frames/mark/686.png,1544430973843
frames/mark/687.png,1544430973864
frames/mark/688.png,1544430973889
frames/mark/689.png,1544430973909
frames/mark/690.png,1544430973930
frames/mark/691.png,1544430973957
frames/mark/692.png,1544430973978
frames/mark/693.png,1544430974002
frames/mark/694.png,1544430974021
frames/mark/695.png,1544430974044
frames/mark/696.png,1544430974064
frames/mark/697.png,1544430974091
frames/mark/698.png,1544430974114
frames/mark/699.png,1544430974143
frames/mark/700.png,1544430974173
frames/mark/701.png,1544430974197
frames/mark/702.png,1544430974220
frames/mark/703.png,1544430974242
frames/mark/704.png,1544430974262
frames/mark/705.png,1544430974287
frames/mark/706.png,1544430974310
frames/mark/707.png,1544430974329
frames/mark/708.png,1544430974354
frames/mark/709.png,1544430974376
frames/mark/710.png,1544430974403
frames/mark/711.png,1544430974425
frames/mark/712.png,1544430974446
frames/mark/713.png,1544430974471
frames/mark/714.png,1544430974495
frames/mark/715.png,1544430974517
frames/mark/716.png,1544430974539
frames/mark/717.png,1544430974562
frames/mark/718.png,1544430974587
frames/mark/719.png,1544430974616
frames/mark/720.png,1544430974641
frames/mark/721.png,1544430974664
frames/mark/722.png,1544430974693
frames/mark/723.png,1544430974719
frames/mark/724.png,1544430974742
frames/mark/725.png,1544430974766
frames/mark/726.png,1544430974792
frames/mark/727.png,1544430974817
frames/mark/728.png,1544430974844
frames/mark/729.png,1544430974867
frames/mark/730.png,1544430974889
frames/mark/731.png,1544430974910
frames/mark/732.png,1544430974930
frames/mark/733.png,1544430974952
frames/mark/734.png,1544430974972
frames/mark/735.png,1544430974992
frames/mark/736.png,1544430975012
frames/mark/737.png,1544430975030
frames/mark/738.png,1544430975067
frames/mark/739.png,1544430975112
frames/mark/740.png,1544430975147
frames/mark/741.png,1544430975168
frames/mark/742.png,1544430975191
frames/mark/743.png,1544430975211
frames/mark/744.png,1544430975229
frames/mark/745.png,1544430975250
frames/mark/746.png,1544430975271
frames/mark/747.png,1544430975292
frames/mark/748.png,1544430975312
frames/mark/749.png,1544430975331
frames/mark/750.png,1544430975357
frames/mark/751.png,1544430975378
frames/mark/752.png,1544430975400
frames/mark/753.png,1544430975421
frames/mark/754.png,1544430975441
frames/mark/755.png,1544430975461
frames/mark/756.png,1544430975480
frames/mark/757.png,1544430975503
frames/mark/758.png,1544430975522
frames/mark/759.png,1544430975542
frames/mark/760.png,1544430975561
frames/mark/761.png,1544430975581
frames/mark/762.png,1544430975608
frames/mark/763.png,1544430975628
frames/mark/764.png,1544430975648
frames/mark/765.png,1544430975669
frames/mark/766.png,1544430975688
frames/mark/767.png,1544430975707
frames/mark/768.png,1544430975726
frames/mark/769.png,1544430975746
frames/mark/770.png,1544430975763
frames/mark/771.png,1544430975782
frames/mark/772.png,1544430975803
frames/mark/773.png,1544430975821
frames/mark/774.png,1544430975840
frames/mark/775.png,1544430975858
frames/mark/776.png,1544430975879
frames/mark/777.png,1544430975898
frames/mark/778.png,1544430975917
frames/mark/779.png,1544430975936
frames/mark/780.png,1544430975958
frames/mark/781.png,1544430975977
frames/mark/782.png,1544430975995
frames/mark/783.png,1544430976014
frames/mark/784.png,1544430976032
frames/mark/785.png,1544430976052
frames/mark/786.png,1544430976070
frames/mark/787.png,1544430976089
frames/mark/788.png,1544430976108
frames/mark/789.png,1544430976126
frames/mark/790.png,1544430976146
frames/mark/791.png,1544430976164
frames/mark/792.png,1544430976183
frames/mark/793.png,1544430976204
frames/mark/794.png,1544430976223
frames/mark/795.png,1544430976243
frames/mark/796.png,1544430976262
frames/mark/797.png,1544430976280
frames/mark/798.png,1544430976299
frames/mark/799.png,1544430976317
frames/mark/800.png,1544430976336
frames/mark/801.png,1544430976356
frames/mark/802.png,1544430976374
frames/mark/803.png,1544430976393
frames/mark/804.png,1544430976413
frames/mark/805.png,1544430976431
frames/mark/806.png,1544430976452
frames/mark/807.png,1544430976472
frames/mark/808.png,1544430976493
frames/mark/809.png,1544430976514
frames/mark/810.png,1544430976532
frames/mark/811.png,1544430976552
frames/mark/812.png,1544430976571
frames/mark/813.png,1544430976589
frames/mark/814.png,1544430976607
frames/mark/815.png,1544430976625
frames/mark/816.png,1544430976644
frames/mark/817.png,1544430976661
frames/mark/818.png,1544430976680
frames/mark/819.png,1544430976699
frames/mark/820.png,1544430976717
frames/mark/821.png,1544430976736
frames/mark/822.png,1544430976755
frames/mark/823.png,1544430976773
frames/mark/824.png,1544430976792
frames/mark/825.png,1544430976811
frames/mark/826.png,1544430976828
frames/mark/827.png,1544430976848
frames/mark/828.png,1544430976865
frames/mark/829.png,1544430976884
frames/mark/830.png,1544430976905
frames/mark/831.png,1544430976922
frames/mark/832.png,1544430976941
frames/mark/833.png,1544430976959
frames/mark/834.png,1544430976978
frames/mark/835.png,1544430976998
frames/mark/836.png,1544430977018
frames/mark/837.png,1544430977036
frames/mark/838.png,1544430977056
frames/mark/839.png,1544430977075
frames/mark/840.png,1544430977094
frames/mark/841.png,1544430977112
frames/mark/842.png,1544430977129
frames/mark/843.png,1544430977148
frames/mark/844.png,1544430977166
frames/mark/845.png,1544430977186
frames/mark/846.png,1544430977206
frames/mark/847.png,1544430977223
frames/mark/848.png,1544430977243
frames/mark/849.png,1544430977261
frames/mark/850.png,1544430977313
frames/mark/851.png,1544430977336
frames/mark/852.png,1544430977373
frames/mark/853.png,1544430977395
frames/mark/854.png,1544430977421
frames/mark/855.png,1544430977444
frames/mark/856.png,1544430977466
frames/mark/857.png,1544430977508
frames/mark/858.png,1544430977526
frames/mark/859.png,1544430977547
frames/mark/860.png,1544430977566
frames/mark/861.png,1544430977587
frames/mark/862.png,1544430977611
frames/mark/863.png,1544430977629
frames/mark/864.png,1544430977657
frames/mark/865.png,1544430977677
frames/mark/866.png,1544430977699
frames/mark/867.png,1544430977728
frames/mark/868.png,1544430977758
frames/mark/869.png,1544430977781
frames/mark/870.png,1544430977806
frames/mark/871.png,1544430977825
frames/mark/872.png,1544430977845
frames/mark/873.png,1544430977864
frames/mark/874.png,1544430977884
frames/mark/875.png,1544430977907
frames/mark/876.png,1544430977925
frames/mark/877.png,1544430977946
frames/mark/878.png,1544430977964
frames/mark/879.png,1544430977984
frames/mark/880.png,1544430978009
frames/mark/881.png,1544430978027
frames/mark/882.png,1544430978047
frames/mark/883.png,1544430978070
frames/mark/884.png,1544430978089
frames/mark/885.png,1544430978109
frames/mark/886.png,1544430978127
frames/mark/887.png,1544430978147
frames/mark/888.png,1544430978166
frames/mark/889.png,1544430978184
frames/mark/890.png,1544430978210
frames/mark/891.png,1544430978228
frames/mark/892.png,1544430978249
frames/mark/893.png,1544430978268
frames/mark/894.png,1544430978297
frames/mark/895.png,1544430978326
frames/mark/896.png,1544430978346
frames/mark/897.png,1544430978365
frames/mark/898.png,1544430978386
frames/mark/899.png,1544430978409
frames/mark/900.png,1544430978428
frames/mark/901.png,1544430978452
frames/mark/902.png,1544430978472
frames/mark/903.png,1544430978492
frames/mark/904.png,1544430978515
frames/mark/905.png,1544430978537
frames/mark/906.png,1544430978559
frames/mark/907.png,1544430978578
frames/mark/908.png,1544430978597
frames/mark/909.png,1544430978619
frames/mark/910.png,1544430978639
frames/mark/911.png,1544430978658
frames/mark/912.png,1544430978678
frames/mark/913.png,1544430978697
frames/mark/914.png,1544430978718
frames/mark/915.png,1544430978737
frames/mark/916.png,1544430978757
frames/mark/917.png,1544430978778
frames/mark/918.png,1544430978797
frames/mark/919.png,1544430978817
frames/mark/920.png,1544430978838
frames/mark/921.png,1544430978859
frames/mark/922.png,1544430978878
frames/mark/923.png,1544430978896
frames/mark/924.png,1544430978916
frames/mark/925.png,1544430978937
frames/mark/926.png,1544430978957
frames/mark/927.png,1544430978980
frames/mark/928.png,1544430979010
frames/mark/929.png,1544430979037
frames/mark/930.png,1544430979072
frames/mark/931.png,1544430979095
frames/mark/932.png,1544430979120
frames/mark/933.png,1544430979143
frames/mark/934.png,1544430979163
frames/mark/935.png,1544430979183
frames/mark/936.png,1544430979206
frames/mark/937.png,1544430979224
frames/mark/938.png,1544430979243
frames/mark/939.png,1544430979263
frames/mark/940.png,1544430979314
frames/mark/941.png,1544430979337
frames/mark/942.png,1544430979359
frames/mark/943.png,1544430979379
frames/mark/944.png,1544430979399
frames/mark/945.png,1544430979424
frames/mark/946.png,1544430979445
frames/mark/947.png,1544430979465
frames/mark/948.png,1544430979489
frames/mark/949.png,1544430979515
frames/mark/950.png,1544430979535
frames/mark/951.png,1544430979555
frames/mark/952.png,1544430979574
frames/mark/953.png,1544430979593
frames/mark/954.png,1544430979612
frames/mark/955.png,1544430979631
frames/mark/956.png,1544430979651
frames/mark/957.png,1544430979671
frames/mark/958.png,1544430979690
frames/mark/959.png,1544430979711
frames/mark/960.png,1544430979730
frames/mark/961.png,1544430979752
frames/mark/962.png,1544430979774
frames/mark/963.png,1544430979794
frames/mark/964.png,1544430979816
frames/mark/965.png,1544430979838
frames/mark/966.png,1544430979858
frames/mark/967.png,1544430979879
frames/mark/968.png,1544430979898
